dv_kms,tw,overestimate_pct,n_px
3.5,0.1,119.63533296186623,11
3.5,0.15,99.35645638869568,17
3.5,0.2,87.33934434533535,22
3.5,0.25,79.82864931823514,21
3.5,0.3,71.56688478842489,21
3.5,0.35,67.81153727487481,22
3.5,0.4,64.05618976132473,18
3.5,0.45,60.3008422477746,20
3.5,0.5,56.54549473422452,20
4.0,0.1,123.39068047541633,3
4.0,0.15,94.47450462108054,10
4.0,0.2,78.32651031281512,9
4.0,0.25,73.06902379384496,9
4.0,0.3,67.81153727487481,9
4.0,0.35,61.051911750484635,13
4.0,0.4,59.54977274506456,7
4.0,0.45,54.29228622609446,12
4.0,0.5,53.91675147473944,10
