case,a0_m_s2,Pi,eta,eta_err,eta_E,impact,captured
Earth · hydrolox · prograde,0.01,152.347496706909,0.20560695390069778,9.779831400584244e-12,0.42032702689043816,False,False
Earth · hydrolox · prograde,0.01333521432163324,114.24450558680644,0.24147326016124773,8.651721469716807e-12,0.44311720595686116,False,False
Earth · hydrolox · prograde,0.01778279410038923,85.67129318759555,0.28164278948739835,9.741804049369046e-12,0.46902139405834986,False,False
Earth · hydrolox · prograde,0.023713737056616554,64.24440666740098,0.32618175412678113,1.059460100280701e-11,0.4982122710529879,False,False
Earth · hydrolox · prograde,0.03162277660168379,48.176508541883415,0.3750391729374284,9.362558308246778e-12,0.5308006628034345,False,False
Earth · hydrolox · prograde,0.042169650342858224,36.12728478141396,0.42801152026903533,1.1121276843235013e-11,0.5668042500452322,False,False
Earth · hydrolox · prograde,0.05623413251903491,27.09164165648689,0.4846986906296968,9.990599238382547e-12,0.60610536930184,False,False
Earth · hydrolox · prograde,0.07498942093324558,20.315865199509464,0.5444505699119887,1.1528603938633994e-11,0.648396060330673,False,False
Earth · hydrolox · prograde,0.1,15.234749670690901,0.6063061830664926,1.0378406682370956e-11,0.6931107157183714,False,False
Earth · hydrolox · prograde,0.1333521432163324,11.424450558680645,0.66893375322982,1.086063534713735e-11,0.7393524652426605,False,False
Earth · hydrolox · prograde,0.1778279410038923,8.567129318759555,0.7305930811148321,1.0066734379682742e-11,0.7858318722102754,False,False
Earth · hydrolox · prograde,0.23713737056616552,6.424440666740098,0.7891640119976437,9.48425142212014e-12,0.8308585385695502,False,False
Earth · hydrolox · prograde,0.31622776601683794,4.817650854188341,0.8423109123559537,1.0566993262744522e-11,0.8724534854611642,False,False
Earth · hydrolox · prograde,0.4216965034285822,3.612728478141397,0.8878516476164389,1.109731909874244e-11,0.9086541795155001,False,False
Earth · hydrolox · prograde,0.5623413251903491,2.709164165648689,0.9243051044835217,1.0177652334904766e-11,0.9380028538890013,False,False
Earth · hydrolox · prograde,0.7498942093324559,2.0315865199509457,0.9513835607789538,1.1546959637619201e-11,0.9600175560270857,False,False
Earth · hydrolox · prograde,1.0,1.5234749670690901,0.9700696123142835,1.0304086575153518e-11,0.9753155552658945,False,False
Earth · hydrolox · prograde,1.333521432163324,1.1424450558680648,0.9821608814106545,1.11490427386042e-11,0.9852607585903803,False,False
Earth · hydrolox · prograde,1.7782794100389228,0.8567129318759554,0.9896041683510433,1.1401145428382124e-11,0.9914010183359886,False,False
Earth · hydrolox · prograde,2.371373705661655,0.6424440666740099,0.9940290408683146,1.1606636239017511e-11,0.9950577971187881,False,False
Earth · hydrolox · prograde,3.1622776601683795,0.4817650854188341,0.9966008083185286,9.324222988846342e-12,0.9971853796435409,False,False
Earth · hydrolox · prograde,4.216965034285822,0.36127284781413965,0.9980750046262843,9.484072012922693e-12,0.9984057003218053,False,False
Earth · hydrolox · prograde,5.623413251903491,0.27091641656486887,0.9989131605571931,9.413460603710938e-12,0.9990997558926781,False,False
Earth · hydrolox · prograde,7.498942093324558,0.20315865199509459,0.9993874418129987,9.45016127812836e-12,0.9994925734889061,False,False
Earth · hydrolox · prograde,10.0,0.152347496706909,0.9996550934559583,9.538492706133818e-12,0.9997142773421781,False,False
Earth · hydrolox · prograde,13.33521432163324,0.11424450558680646,0.9998059053220906,9.584210204136363e-12,0.9998392071616496,False,False
Earth · hydrolox · prograde,17.78279410038923,0.08567129318759555,0.9998908083599793,9.63501600409541e-12,0.9999095417886897,False,False
Earth · hydrolox · prograde,23.71373705661655,0.06424440666740097,0.9999385830409242,9.666318795759607e-12,0.9999491196570967,False,False
Earth · hydrolox · prograde,31.622776601683793,0.048176508541883406,0.9999654582771891,9.70833067957913e-12,0.9999713840962746,False,False
Earth · hydrolox · prograde,42.169650342858226,0.036127284781413964,0.9999805743579664,9.77961922862017e-12,0.9999839068952627,False,False
Earth · hydrolox · prograde,56.23413251903491,0.02709164165648689,0.99998907571154,9.781622708861391e-12,0.99999094980015,False,False
Earth · hydrolox · prograde,74.98942093324558,0.02031586519950946,0.9999938566765967,9.760141393553174e-12,0.999994910575217,False,False
Earth · hydrolox · prograde,100.0,0.0152347496706909,0.9999965453064938,9.748470202285814e-12,0.9999971379644716,False,False
Earth · hydrolox · prograde,133.3521432163324,0.011424450558680646,0.9999980572644651,9.744408976723524e-12,0.9999983905433654,False,False
Earth · hydrolox · prograde,177.82794100389228,0.008567129318759557,0.9999989075105011,9.752351069385787e-12,0.999999094928432,False,False
Earth · hydrolox · prograde,237.13737056616552,0.006424440666740098,0.9999993856420086,9.755223241218008e-12,0.9999994910358486,False,False
Earth · hydrolox · prograde,316.22776601683796,0.00481765085418834,0.9999996545160742,9.75454632072847e-12,0.9999997137842385,False,False
Earth · hydrolox · prograde,421.6965034285823,0.003612728478141396,0.9999998057153702,9.7589407496132e-12,0.999999839045118,False,False
Earth · hydrolox · prograde,562.341325190349,0.0027091641656486892,0.9999998907410791,9.760799869319167e-12,0.9999999094845691,False,False
Earth · hydrolox · prograde,749.8942093324558,0.002031586519950946,0.9999999385545846,9.755390657474524e-12,0.999999949095614,False,False
Earth · hydrolox · prograde,1000.0,0.00152347496706909,0.9999999654421006,9.757588014275337e-12,0.9999999713705465,False,False
Earth · hydrolox · prograde,1333.521432163324,0.0011424450558680645,0.9999999805620643,9.758940238000599e-12,0.9999999838966636,False,False
Earth · hydrolox · prograde,1778.2794100389228,0.0008567129318759558,0.999999989064648,9.75826407914267e-12,0.9999999909406195,False,False
Earth · hydrolox · prograde,2371.373705661655,0.0006424440666740098,0.9999999938460026,9.755897596230597e-12,0.9999999949017273,False,False
Earth · hydrolox · prograde,3162.2776601683795,0.00048176508541883405,0.9999999965347501,9.760968593195434e-12,0.9999999971292172,False,False
Earth · hydrolox · prograde,4216.965034285822,0.0003612728478141397,0.9999999980467488,9.760461488287556e-12,0.9999999983818306,False,False
Earth · hydrolox · prograde,5623.413251903491,0.0002709164165648689,0.9999999988970122,9.757925983386126e-12,0.9999999990862305,False,False
Earth · hydrolox · prograde,7498.942093324558,0.00020315865199509457,0.9999999993751401,9.760461484399991e-12,0.9999999994823353,False,False
Earth · hydrolox · prograde,10000.0,0.00015234749670690903,0.9999999996440224,9.757080813729706e-12,0.9999999997050905,False,False
Earth · hydrolox · prograde,13335.21432163324,0.00011424450558680647,0.9999999997952168,9.76130665064144e-12,0.9999999998303473,False,False
Earth · hydrolox · prograde,17782.794100389227,8.567129318759557e-05,0.9999999998802418,9.764011186299118e-12,0.9999999999007864,False,False
Earth · hydrolox · prograde,23713.737056616552,6.424440666740097e-05,0.999999999928057,9.761306650252647e-12,0.9999999999403985,False,False
Earth · hydrolox · prograde,31622.776601683792,4.817650854188341e-05,0.9999999999549427,9.761982784150574e-12,0.999999999962672,False,False
Earth · hydrolox · prograde,42169.65034285822,3.612728478141397e-05,0.9999999999700598,9.764687320012782e-12,0.9999999999751956,False,False
Earth · hydrolox · prograde,56234.13251903491,2.709164165648689e-05,0.9999999999785709,9.756235645280216e-12,0.9999999999822468,False,False
Earth · hydrolox · prograde,74989.42093324558,2.031586519950946e-05,0.9999999999833444,9.764349252985581e-12,0.9999999999862013,False,False
Earth · hydrolox · prograde,100000.0,1.5234749670690899e-05,0.9999999999860352,9.760968583094652e-12,0.9999999999884307,False,False
Jupiter · NTR · prograde,0.01,81.2103161424765,0.39807953639717447,1.8890255650292114e-11,0.4174720356381236,False,False
Jupiter · NTR · prograde,0.01333521432163324,60.89914581330118,0.4431426865139368,1.9660585299942164e-11,0.4542849662954811,False,False
Jupiter · NTR · prograde,0.01778279410038923,45.667916798687436,0.4908661737398144,2.3338800550627295e-11,0.49447083583534135,False,False
Jupiter · NTR · prograde,0.023713737056616554,34.24610635961209,0.5409557926147278,1.9478828736156536e-11,0.5379764711184832,False,False
Jupiter · NTR · prograde,0.03162277660168379,25.680956851256497,0.5929611534849544,1.9046660924001256e-11,0.5845844794971352,False,False
Jupiter · NTR · prograde,0.042169650342858224,19.258000832873904,0.6462315609027436,2.2189424002717718e-11,0.6338455819163674,False,False
Jupiter · NTR · prograde,0.05623413251903491,14.441463307891752,0.6998692434389626,1.8895735093643838e-11,0.6849998521331665,False,False
Jupiter · NTR · prograde,0.07498942093324558,10.829569708875157,0.7526907832194493,2.2570804632676437e-11,0.7368992399982941,False,False
Jupiter · NTR · prograde,0.1,8.12103161424765,0.8032203439867945,1.8081519704172075e-11,0.7879614816301612,False,False
Jupiter · NTR · prograde,0.1333521432163324,6.0899145813301185,0.8497569675836419,1.8302674111824786e-11,0.8362124725314518,False,False
Jupiter · NTR · prograde,0.1778279410038923,4.566791679868743,0.8905718910928212,1.835461927230587e-11,0.8794968763731555,False,False
Jupiter · NTR · prograde,0.23713737056616552,3.424610635961209,0.9242647562525004,1.936504712815111e-11,0.9159084178176027,False,False
Jupiter · NTR · prograde,0.31622776601683794,2.568095685125649,0.9501922224215268,1.7997546031438758e-11,0.9443467591336314,False,False
Jupiter · NTR · prograde,0.4216965034285822,1.9258000832873905,0.9687218395680667,1.767574949585365e-11,0.9648940030021252,False,False
Jupiter · NTR · prograde,0.5623413251903491,1.4441463307891753,0.981078959060873,1.9154037892500287e-11,0.978700049220403,False,False
Jupiter · NTR · prograde,0.7498942093324559,1.0829569708875157,0.988861850672341,1.8355032641482575e-11,0.9874379851574528,False,False
Jupiter · NTR · prograde,1.0,0.812103161424765,0.9935616297919486,1.9862200736409486e-11,0.9927303713276954,False,False
Jupiter · NTR · prograde,1.333521432163324,0.6089914581330119,0.9963205153419157,1.946800647602538e-11,0.9958427066193853,False,False
Jupiter · NTR · prograde,1.7782794100389228,0.45667916798687425,0.9979115384350324,2.0957308185418675e-11,0.9976394358034631,False,False
Jupiter · NTR · prograde,2.371373705661655,0.34246106359612094,0.9988193257221301,1.6118415523718636e-11,0.9986652070090556,False,False
Jupiter · NTR · prograde,3.1622776601683795,0.2568095685125649,0.999334058744853,1.5870109209605726e-11,0.9992470375773101,False,False
Jupiter · NTR · prograde,4.216965034285822,0.19258000832873903,0.9996248770993705,1.5779695879951554e-11,0.9995758287566704,False,False
Jupiter · NTR · prograde,5.623413251903491,0.1444146330789175,0.9997888507868847,1.5889570789963935e-11,0.9997612330711669,False,False
Jupiter · NTR · prograde,7.498942093324558,0.10829569708875156,0.9998811980155063,1.612653489480462e-11,0.9998656560820169,False,False
Jupiter · NTR · prograde,10.0,0.0812103161424765,0.9999331724483669,1.6249496692044583e-11,0.9999244289820111,False,False
Jupiter · NTR · prograde,13.33521432163324,0.06089914581330118,0.9999624136817191,1.6296699106914524e-11,0.9999574957309657,False,False
Jupiter · NTR · prograde,17.78279410038923,0.04566791679868743,0.9999788616223129,1.625363745208295e-11,0.9999760956945595,False,False
Jupiter · NTR · prograde,23.71373705661655,0.03424610635961209,0.9999881123678958,1.637772321944216e-11,0.999986556857732,False,False
Jupiter · NTR · prograde,31.622776601683793,0.025680956851256497,0.9999933148831325,1.639465252844996e-11,0.9999924401185744,False,False
Jupiter · NTR · prograde,42.169650342858226,0.019258000832873903,0.9999962406110727,1.6379254932600033e-11,0.9999957486824826,False,False
Jupiter · NTR · prograde,56.23413251903491,0.01444146330789175,0.999997885912673,1.635066846079933e-11,0.9999976092763468,False,False
Jupiter · NTR · prograde,74.98942093324558,0.010829569708875157,0.9999988111477214,1.6364150250847474e-11,0.9999986555816041,False,False
Jupiter · NTR · prograde,100.0,0.00812103161424765,0.9999993314500074,1.6378795552565717e-11,0.9999992439674493,False,False
Jupiter · NTR · prograde,133.3521432163324,0.0060899145813301196,0.9999996240388894,1.637183117639182e-11,0.9999995748427782,False,False
Jupiter · NTR · prograde,177.82794100389228,0.0045667916798687435,0.9999997885741344,1.6381112659558835e-11,0.9999997609081506,False,False
Jupiter · NTR · prograde,237.13737056616552,0.003424610635961209,0.999999881099251,1.6378211066963444e-11,0.9999998655405735,False,False
Jupiter · NTR · prograde,316.22776601683796,0.002568095685125649,0.9999999331299836,1.6381111525282256e-11,0.9999999243797516,False,False
Jupiter · NTR · prograde,421.6965034285823,0.00192580008328739,0.9999999623890351,1.6379370775814167e-11,0.9999999574674766,False,False
Jupiter · NTR · prograde,562.341325190349,0.0014441463307891752,0.9999999788426011,1.638923359264928e-11,0.9999999760740631,False,False
Jupiter · NTR · prograde,749.8942093324558,0.0010829569708875157,0.9999999880951259,1.6387783086794072e-11,0.9999999865373209,False,False
Jupiter · NTR · prograde,1000.0,0.0008121031614247648,0.9999999932982033,1.639126408566545e-11,0.9999999924212438,False,False
Jupiter · NTR · prograde,1333.521432163324,0.0006089914581330119,0.9999999962241183,1.638517224320056e-11,0.9999999957300274,False,False
Jupiter · NTR · prograde,1778.2794100389228,0.00045667916798687423,0.9999999978694721,1.6389088399957263e-11,0.9999999975906831,False,False
Jupiter · NTR · prograde,2371.373705661655,0.0003424610635961209,0.9999999987947338,1.6378645273577127e-11,0.9999999986370192,False,False
Jupiter · NTR · prograde,3162.2776601683795,0.0002568095685125649,0.9999999993150274,1.6393874818202832e-11,0.9999999992253954,False,False
Jupiter · NTR · prograde,4216.965034285822,0.00019258000832873907,0.9999999996076249,1.6385607346607862e-11,0.9999999995562807,False,False
Jupiter · NTR · prograde,5623.413251903491,0.00014441463307891749,0.9999999997721667,1.6382416392254554e-11,0.9999999997423535,False,False
Jupiter · NTR · prograde,7498.942093324558,0.00010829569708875156,0.9999999998646975,1.6376614658688962e-11,0.9999999998469923,False,False
Jupiter · NTR · prograde,10000.0,8.12103161424765e-05,0.9999999999167205,1.638444699761397e-11,0.9999999999058227,False,False
Jupiter · NTR · prograde,13335.21432163324,6.0899145813301186e-05,0.9999999999459797,1.638270647753256e-11,0.9999999999389106,False,False
Jupiter · NTR · prograde,17782.794100389227,4.566791679868744e-05,0.9999999999624287,1.6387782993637786e-11,0.9999999999575122,False,False
Jupiter · NTR · prograde,23713.737056616552,3.424610635961209e-05,0.9999999999716744,1.6392569423157533e-11,0.9999999999679676,False,False
Jupiter · NTR · prograde,31622.776601683792,2.568095685125649e-05,0.9999999999768913,1.6380530827475297e-11,0.9999999999738672,False,False
Jupiter · NTR · prograde,42169.65034285822,1.9258000832873908e-05,0.9999999999798201,1.638169117402015e-11,0.9999999999771791,False,False
Jupiter · NTR · prograde,56234.13251903491,1.4441463307891751e-05,0.9999999999814607,1.638604247363664e-11,0.9999999999790345,False,False
Jupiter · NTR · prograde,74989.42093324558,1.0829569708875157e-05,0.9999999999823822,1.6384446997098642e-11,0.9999999999800765,False,False
Jupiter · NTR · prograde,100000.0,8.12103161424765e-06,0.999999999982902,1.638705777687218e-11,0.9999999999806644,False,False
Earth · hydrolox · inertial,0.01,152.347496706909,nan,nan,nan,True,False
Earth · hydrolox · inertial,0.01333521432163324,114.24450558680644,nan,nan,nan,True,False
Earth · hydrolox · inertial,0.01778279410038923,85.67129318759555,nan,nan,nan,True,False
Earth · hydrolox · inertial,0.023713737056616554,64.24440666740098,nan,nan,nan,True,False
Earth · hydrolox · inertial,0.03162277660168379,48.176508541883415,nan,nan,nan,True,False
Earth · hydrolox · inertial,0.042169650342858224,36.12728478141396,nan,nan,nan,True,False
Earth · hydrolox · inertial,0.05623413251903491,27.09164165648689,nan,nan,nan,True,False
Earth · hydrolox · inertial,0.07498942093324558,20.315865199509464,nan,nan,nan,True,False
Earth · hydrolox · inertial,0.1,15.234749670690901,nan,nan,nan,True,False
Earth · hydrolox · inertial,0.1333521432163324,11.424450558680645,nan,nan,nan,True,False
Earth · hydrolox · inertial,0.1778279410038923,8.567129318759555,0.579418205087943,1.1341208148997248e-11,0.6735568616201953,False,False
Earth · hydrolox · inertial,0.23713737056616552,6.424440666740098,0.6684820928502397,1.015996336184411e-11,0.7390154862213146,False,False
Earth · hydrolox · inertial,0.31622776601683794,4.817650854188341,0.7500689410081081,1.0540156472221381e-11,0.8007093834319173,False,False
Earth · hydrolox · inertial,0.4216965034285822,3.612728478141397,0.8207962754511132,1.099078162591872e-11,0.8555306535581529,False,False
Earth · hydrolox · inertial,0.5623413251903491,2.709164165648689,0.8781250358847456,1.200167431377509e-11,0.9008791181297993,False,False
Earth · hydrolox · inertial,0.7498942093324559,2.0315865199509457,0.9212237036338593,1.1496289766397379e-11,0.9355092362356084,False,False
Earth · hydrolox · inertial,1.0,1.5234749670690901,0.9512679626512316,1.0243817890777453e-11,0.9599231876763253,False,False
Earth · hydrolox · inertial,1.333521432163324,1.1424450558680648,0.9708582267863268,1.13365429820425e-11,0.9759630914969758,False,False
Earth · hydrolox · inertial,1.7782794100389228,0.8567129318759554,0.9829813346824472,1.1658877544500026e-11,0.9859369073046496,False,False
Earth · hydrolox · inertial,2.371373705661655,0.6424440666740099,0.9902124618717314,1.165674738199778e-11,0.9919034323422425,False,False
Earth · hydrolox · inertial,3.1622776601683795,0.4817650854188341,0.9944238141303319,9.30932394525008e-12,0.9953842799667583,False,False
Earth · hydrolox · inertial,4.216965034285822,0.36127284781413965,0.9968407545060475,9.515332834279945e-12,0.997383967188914,False,False
Earth · hydrolox · inertial,5.623413251903491,0.27091641656486887,0.9982158603749669,9.453989994341446e-12,0.9985223271697716,False,False
Earth · hydrolox · inertial,7.498942093324558,0.20315865199509459,0.9989942892722636,9.471058464273332e-12,0.9991669457849094,False,False
Earth · hydrolox · inertial,10.0,0.152347496706909,0.9994336793817807,9.537773540755857e-12,0.999530872176159,False,False
Earth · hydrolox · inertial,13.33521432163324,0.11424450558680646,0.9996812909336835,9.585920731438663e-12,0.9997359784526341,False,False
Earth · hydrolox · inertial,17.78279410038923,0.08567129318759555,0.999820699559391,9.636570891384859e-12,0.9998514627445193,False,False
Earth · hydrolox · inertial,23.71373705661655,0.06424440666740097,0.9998991475252036,9.66592597815902e-12,0.9999164501431664,False,False
Earth · hydrolox · inertial,31.622776601683793,0.048176508541883406,0.9999432787537446,9.709747533509789e-12,0.9999530097462308,False,False
Earth · hydrolox · inertial,42.169650342858226,0.036127284781413964,0.9999681008504349,9.781515190885229e-12,0.9999735733113315,False,False
Earth · hydrolox · inertial,56.23413251903491,0.02709164165648689,0.9999820610122917,9.782488454195632e-12,0.9999851385054884,False,False
Earth · hydrolox · inertial,74.98942093324558,0.02031586519950946,0.9999899119168055,9.759645835610996e-12,0.9999916425512928,False,False
Earth · hydrolox · inertial,100.0,0.0152347496706909,0.999994326971988,9.750167024134427e-12,0.9999953001902226,False,False
Earth · hydrolox · inertial,133.3521432163324,0.011424450558680646,0.9999968097928476,9.745088756092708e-12,0.9999973570776804,False,False
Earth · hydrolox · inertial,177.82794100389228,0.008567129318759557,0.9999982060023521,9.751169885561322e-12,0.9999985137650339,False,False
Earth · hydrolox · inertial,237.13737056616552,0.006424440666740098,0.9999989911539426,9.753365026077005e-12,0.9999991642227267,False,False
Earth · hydrolox · inertial,316.22776601683796,0.00481765085418834,0.9999994326788002,9.755561170683655e-12,0.9999995300034198,False,False
Earth · hydrolox · inertial,421.6965034285823,0.003612728478141396,0.9999996809670025,9.756236578469578e-12,0.9999997356974786,False,False
Earth · hydrolox · inertial,562.341325190349,0.0027091641656486892,0.9999998205898832,9.761307175134953e-12,0.999999851367891,False,False
Earth · hydrolox · inertial,749.8942093324558,0.002031586519950946,0.9999998991056527,9.759954677342877e-12,0.9999999164141904,False,False
Earth · hydrolox · inertial,1000.0,0.00152347496706909,0.9999999432583339,9.759954548135874e-12,0.9999999529924297,False,False
Earth · hydrolox · inertial,1333.521432163324,0.0011424450558680645,0.9999999680872133,9.761813843930909e-12,0.9999999735618871,False,False
Earth · hydrolox · inertial,1778.2794100389228,0.0008567129318759558,0.9999999820495249,9.759278300638319e-12,0.9999999851289484,False,False
Earth · hydrolox · inertial,2371.373705661655,0.0006424440666740098,0.9999999899011077,9.75758794271665e-12,0.9999999916335834,False,False
Earth · hydrolox · inertial,3162.2776601683795,0.00048176508541883405,0.9999999943163731,9.762151834148977e-12,0.9999999952914055,False,False
Earth · hydrolox · inertial,4216.965034285822,0.0003612728478141397,0.9999999967992651,9.7611376259156e-12,0.9999999973483544,False,False
Earth · hydrolox · inertial,5623.413251903491,0.0002709164165648689,0.9999999981954973,9.758602119415564e-12,0.9999999985050615,False,False
Earth · hydrolox · inertial,7498.942093324558,0.00020315865199509457,0.9999999989806513,9.760461485554472e-12,0.9999999991555213,False,False
Earth · hydrolox · inertial,10000.0,0.00015234749670690903,0.9999999994221815,9.759616316791418e-12,0.9999999995213066,False,False
Earth · hydrolox · inertial,13335.21432163324,0.00011424450558680647,0.9999999996704676,9.761306651006553e-12,0.9999999997269987,False,False
Earth · hydrolox · inertial,17782.794100389227,8.567129318759557e-05,0.9999999998100888,9.76299698553953e-12,0.9999999998426682,False,False
Earth · hydrolox · inertial,23713.737056616552,6.424440666740097e-05,0.9999999998886099,9.759616315426524e-12,0.9999999999077186,False,False
Earth · hydrolox · inertial,31622.776601683792,4.817650854188341e-05,0.9999999999327589,9.762996985180438e-12,0.9999999999442937,False,False
Earth · hydrolox · inertial,42169.65034285822,3.612728478141397e-05,0.999999999957585,9.766884755473307e-12,0.999999999964861,False,False
Earth · hydrolox · inertial,56234.13251903491,2.709164165648689e-05,0.9999999999715538,9.758264047230583e-12,0.9999999999764335,False,False
Earth · hydrolox · inertial,74989.42093324558,2.031586519950946e-05,0.9999999999794027,9.761644717090674e-12,0.9999999999829357,False,False
Earth · hydrolox · inertial,100000.0,1.5234749670690899e-05,0.9999999999838161,9.762320851054369e-12,0.9999999999865923,False,False
