body,geometry,Pi,eta_point_mass,eta_j2,delta_eta,rel_delta_eta,rel_delta_deficit,r_periapsis_j2_over_rp,energy_balance,v_inf_out_impulsive_shift_m_s
jupiter,equatorial,0.1,0.9999039282824653,0.9999016837085304,-2.2445739349397087e-06,-2.2447895957316744e-06,0.02336352458911343,0.9940093460442762,1.631066809393289e-12,27.705872355507452
jupiter,equatorial,1.0,0.9908763586143287,0.9906731499074317,-0.00020320870689694015,-0.00020507978127676124,0.022272763506035968,0.9940092942322613,1.9029968573169853e-12,27.713080709274056
jupiter,equatorial,10.0,0.7694055219126664,0.7672245083343282,-0.00218101357833822,-0.0028346736749645814,0.009458221187378995,0.9940088777572633,1.6721624085391795e-12,27.771023832522413
jupiter,equatorial,100.0,0.36919513612611327,0.3675239007364362,-0.0016712353896770615,-0.004526699368829671,0.0026493698533231066,0.9940077927201533,1.395157427086513e-12,27.921979463644963
saturn,equatorial,0.1,0.9998851543279332,0.9998822596813052,-2.894646628059938e-06,-2.8949791038807427e-06,0.02520466445071724,0.9936237126960236,1.7468596014147408e-12,21.32345328117843
saturn,equatorial,1.0,0.9891260706426246,0.988865707219994,-0.0002603634226305829,-0.00026322572052056776,0.023943821416679275,0.9936236635134255,1.7076062786003376e-12,21.326540003729228
saturn,equatorial,10.0,0.7359492604730214,0.7333739323683108,-0.002575328104710617,-0.0034993283409991602,0.009753156190071912,0.9936232701273352,1.6745563269360275e-12,21.35122873306759
saturn,equatorial,100.0,0.3096330195997196,0.30792196866014915,-0.0017110509395704687,-0.005526060953649073,0.002478465784354848,0.9936222759503417,1.481623851384839e-12,21.413621872301484
jupiter,polar,1.0,0.9908763586143287,0.9904314951142746,-0.00044486350005401576,-0.00044895964686868326,0.04875942414315766,1.0062214442194395,1.7432305599029974e-12,-0.5107699166270308
jupiter,polar,10.0,0.7694055219126664,0.7683889589418393,-0.001016562970827084,-0.0013212317066558198,0.004408444552787941,1.006199433232315,1.6732205898595254e-12,-0.46207696206638504
