body,engine,n,n_valid,Pi_median,eta_p10,eta_median,eta_p90,dv_loss_median_m_s,frac_impact,frac_outside_soi,soi_ratio_median,steering
sun,hydrolox,256,256,0.00745038,0.999988,1,1,0.00502013,0,0,0,prograde
sun,methalox_vac,256,256,0.00365352,0.999997,1,1,0.00119237,0,0,0,prograde
sun,nuclear_thermal,256,256,0.0560287,0.999047,0.999974,1,0.265442,0,0,0,prograde
sun,hall,256,256,139.182,0.23883,0.419833,0.685412,6722,0,0,0,prograde
sun,gridded_ion,256,256,459.196,0.135603,0.299543,0.550451,8130.05,0,0,0,prograde
venus,hydrolox,256,256,0.211624,0.984137,0.999024,0.999952,0.642836,0,0,0.0137758,prograde
venus,methalox_vac,256,256,0.102215,0.996061,0.999774,0.999988,0.157744,0,0,0.0135713,prograde
venus,nuclear_thermal,256,256,1.53762,0.662991,0.959228,0.998338,28.6674,0,0,0.0172148,prograde
venus,hall,256,0,3939.8,,,,,0,0.992188,12.1847,prograde
venus,gridded_ion,256,0,12646.1,,,,,0,1,39.1041,prograde
earth,hydrolox,256,256,0.208936,0.986528,0.999224,0.999963,0.750135,0,0,0.00952576,prograde
earth,methalox_vac,256,256,0.101491,0.99676,0.999821,0.999991,0.181897,0,0,0.00941432,prograde
earth,nuclear_thermal,256,256,1.5397,0.700074,0.96771,0.998618,34.7652,0,0,0.0118098,prograde
earth,hall,256,18,3976.56,0.0689819,0.132172,0.166512,833.152,0,0.949219,6.14322,prograde
earth,gridded_ion,256,0,12475.6,,,,,0,0.992188,19.2271,prograde
mars,hydrolox,256,256,0.189877,0.979965,0.99896,0.999955,0.422459,0,0,0.00850064,prograde
mars,methalox_vac,256,256,0.0927994,0.995002,0.999748,0.999989,0.100493,0,0,0.00833883,prograde
mars,nuclear_thermal,256,256,1.38955,0.61487,0.955303,0.998366,17.0123,0,0,0.01048,prograde
mars,hall,256,13,3467.13,0.068552,0.0784493,0.116872,412.699,0,0.96875,8.4287,prograde
mars,gridded_ion,256,0,11837.2,,,,,0,0.992188,26.5054,prograde
jupiter,hydrolox,256,256,0.0257103,0.999656,0.99999,1,0.0190073,0,0,0.00479925,prograde
jupiter,methalox_vac,256,256,0.0126016,0.999922,0.999998,1,0.00455035,0,0,0.0047991,prograde
jupiter,nuclear_thermal,256,256,0.195752,0.977965,0.999476,0.999992,1.07755,0,0,0.00505817,prograde
jupiter,hall,256,213,491.766,0.0581972,0.138736,0.329101,1690.92,0,0.195312,0.337058,prograde
jupiter,gridded_ion,256,135,1581.73,0.0511032,0.106196,0.250874,1597.57,0,0.503906,0.915293,prograde
saturn,hydrolox,256,256,0.0171274,0.999839,0.999995,1,0.00596686,0,0,0.00382265,prograde
saturn,methalox_vac,256,256,0.00841501,0.999963,0.999999,1,0.00141723,0,0,0.0038226,prograde
saturn,nuclear_thermal,256,256,0.132405,0.989352,0.999697,0.999995,0.369642,0,0,0.00388709,prograde
saturn,hall,256,233,336.885,0.0462707,0.1178,0.336201,1061.1,0,0.132812,0.236162,prograde
saturn,gridded_ion,256,156,1094.55,0.0393369,0.0848248,0.235059,989.835,0,0.433594,0.680676,prograde
sun,hydrolox,256,256,0.00745038,0.999976,0.999999,1,0.009935,0,0,0,inertial
sun,methalox_vac,256,256,0.00365352,0.999995,1,1,0.00234325,0,0,0,inertial
sun,nuclear_thermal,256,256,0.0560287,0.998104,0.99995,0.999999,0.520729,0,0,0,inertial
sun,hall,256,254,139.182,0.00882744,0.163263,0.485463,9538.52,0.0078125,0,0,inertial
sun,gridded_ion,256,244,459.196,-0.0456382,0.0629017,0.312585,10478.9,0.046875,0,0,inertial
venus,hydrolox,256,256,0.211624,0.97816,0.998621,0.999925,0.907888,0,0,0.0137758,inertial
venus,methalox_vac,256,256,0.102215,0.994628,0.999679,0.999981,0.214261,0,0,0.0135713,inertial
venus,nuclear_thermal,256,252,1.53762,0.565895,0.942109,0.997492,39.5501,0.015625,0,0.0172148,inertial
venus,hall,256,0,3939.8,,,,,0.179688,0.992188,12.1847,inertial
venus,gridded_ion,256,0,12646.1,,,,,0.0664062,1,39.1041,inertial
earth,hydrolox,256,256,0.208936,0.98113,0.998853,0.999934,1.09776,0,0,0.00952576,inertial
earth,methalox_vac,256,256,0.101491,0.995329,0.999734,0.999984,0.268208,0,0,0.00941432,inertial
earth,nuclear_thermal,256,250,1.5397,0.624706,0.952327,0.997846,51.857,0.0234375,0,0.0118098,inertial
earth,hall,256,0,3976.56,,,,,0.195312,0.929688,6.14322,inertial
earth,gridded_ion,256,0,12475.6,,,,,0.0820312,0.988281,19.2271,inertial
mars,hydrolox,256,256,0.189877,0.976103,0.998626,0.999933,0.511617,0,0,0.00850064,inertial
mars,methalox_vac,256,256,0.0927994,0.994061,0.999676,0.999983,0.122419,0,0,0.00833883,inertial
mars,nuclear_thermal,256,250,1.38955,0.583904,0.946464,0.997775,21.6157,0.0234375,0,0.01048,inertial
mars,hall,256,0,3467.13,,,,,0.113281,0.957031,8.4287,inertial
mars,gridded_ion,256,0,11837.2,,,,,0.0390625,0.992188,26.5054,inertial
jupiter,hydrolox,256,256,0.0257103,0.999392,0.999985,1,0.0331298,0,0,0.00479925,inertial
jupiter,methalox_vac,256,256,0.0126016,0.99986,0.999996,1,0.00802196,0,0,0.0047991,inertial
jupiter,nuclear_thermal,256,256,0.195752,0.959153,0.999045,0.999985,1.87618,0,0,0.00505817,inertial
jupiter,hall,256,151,491.766,-0.437032,-0.0894296,0.110775,1612.72,0.273438,0.167969,0.337058,inertial
jupiter,gridded_ion,256,86,1581.73,-0.472996,-0.132603,0.0178303,1405.84,0.273438,0.476562,0.915293,inertial
saturn,hydrolox,256,256,0.0171274,0.999735,0.999991,1,0.0100157,0,0,0.00382265,inertial
saturn,methalox_vac,256,256,0.00841501,0.99994,0.999998,1,0.00236132,0,0,0.0038226,inertial
saturn,nuclear_thermal,256,256,0.132405,0.980691,0.999496,0.999991,0.575535,0,0,0.00388709,inertial
saturn,hall,256,172,336.885,-0.602047,-0.152899,0.112537,1133.96,0.238281,0.101562,0.236162,inertial
saturn,gridded_ion,256,105,1094.55,-0.680986,-0.216521,0.00567435,1012.96,0.234375,0.40625,0.680676,inertial
