group,engine,body,n,Pi_median,dv_over_c_median,eta_centered_median,gain_pp_p10,gain_pp_median,gain_pp_p90,gain_pp_max,gain_achieved_pp_median,frac_recovered_median,delta_median,centroid_rule_gain_pp_median,half_dv_rule_gain_pp_median,n_full,pitch_extra_pp_max
chemical,hydrolox,earth,256,0.208936,0.175683,0.999224,1.68163e-06,0.000168058,0.0107817,0.078732,0.00045421,0.00205535,-0.0145242,0.000167941,0.000101503,6,0.0420689
chemical,hydrolox,jupiter,256,0.0257103,0.175683,0.99999,1.09887e-08,1.77824e-06,0.000319102,0.02598,3.06106e-06,0.0023888,-0.014636,1.77824e-06,1.33486e-06,6,0.00107285
chemical,hydrolox,mars,256,0.189877,0.175683,0.99896,2.10278e-06,0.000205373,0.00731298,0.067282,0.000561865,0.00152266,-0.0130365,0.000151518,7.03828e-05,6,0.0553049
chemical,hydrolox,saturn,256,0.0171274,0.175683,0.999995,7.01206e-09,1.11224e-06,0.000139067,0.0108036,2.0959e-06,0.00232275,-0.0146235,1.11224e-06,8.34309e-07,6,0.00133549
chemical,hydrolox,sun,256,0.00745038,0.175683,1,6.47982e-10,1.01351e-07,1.26074e-05,0.00101945,1.14584e-07,0.00252543,-0.0145822,1.01346e-07,7.60186e-08,6,1.23531e-06
chemical,hydrolox,venus,256,0.211624,0.175683,0.999024,2.20613e-06,0.000207883,0.01309,0.0826445,0.000555156,0.00207195,-0.0145244,0.00020788,0.00013283,6,0.0404314
chemical,methalox_vac,earth,256,0.101491,0.214836,0.999821,6.15812e-07,6.16928e-05,0.00473199,0.0613852,0.000144885,0.00319074,-0.0178703,6.16928e-05,4.62533e-05,6,0.0189858
chemical,methalox_vac,jupiter,256,0.0126016,0.214836,0.999998,4.06234e-09,6.22005e-07,0.000111284,0.00937404,9.70071e-07,0.00356714,-0.0178859,6.22005e-07,4.67552e-07,6,0.000267205
chemical,methalox_vac,mars,256,0.0927994,0.214836,0.999748,7.72611e-07,8.12582e-05,0.00621716,0.0674726,0.00020422,0.00290266,-0.0178387,8.12572e-05,5.99088e-05,6,0.0326118
chemical,methalox_vac,saturn,256,0.00841501,0.214836,0.999999,2.57501e-09,4.03476e-07,4.78477e-05,0.00376117,6.83652e-07,0.00346849,-0.0178878,4.03475e-07,3.02681e-07,6,0.00022413
chemical,methalox_vac,sun,256,0.00365352,0.214836,1,2.46947e-10,3.56648e-08,4.30266e-06,0.000337689,4.00566e-08,0.00373819,-0.0179015,3.56632e-08,2.68094e-08,6,2.7866e-07
chemical,methalox_vac,venus,256,0.102215,0.214836,0.999774,8.07883e-07,7.5758e-05,0.00593158,0.0781526,0.000178318,0.00322858,-0.0178709,7.5758e-05,5.67853e-05,6,0.0191152
electric,gridded_ion,earth,3,802.039,0.00754776,0.124887,0.0390304,0.0689828,0.155443,0.177058,-0.080334,0.000788273,0.0994037,-0.000848254,-0.00127422,0,
electric,gridded_ion,jupiter,135,580.417,0.0145163,0.106196,0.00242029,0.0144685,0.171802,0.699897,-0.0175612,0.000175154,0.0475239,-0.000797578,-0.00120405,6,0.000223887
electric,gridded_ion,mars,2,660.635,0.0068648,0.0661702,0.0860384,0.12615,0.166262,0.17629,-0.0317284,0.00135507,0.175524,-0.000737879,-0.00110749,0,
electric,gridded_ion,saturn,156,448.253,0.0159547,0.0848248,0.007112,0.0365892,0.31687,1.05263,-0.0137534,0.000453286,0.0870882,-0.00112928,-0.00170004,6,0.00232221
electric,gridded_ion,sun,256,459.196,0.0226739,0.299543,2.47325e-06,5.57562e-05,0.00420527,0.0431477,-0.0005177,1.0079e-06,0.00136026,-9.51342e-05,-0.000178364,6,0.000707429
electric,hall,earth,18,631.314,0.0178942,0.132172,0.0286371,0.0610385,0.347257,0.560404,-0.0760069,0.000704253,0.105244,-0.0017667,-0.00265949,6,0.000921232
electric,hall,jupiter,213,345.105,0.0374022,0.138736,0.00128804,0.0137493,0.15412,0.658021,-0.0229682,0.00015162,0.0417789,-0.00204767,-0.00310852,6,0.000676219
electric,hall,mars,13,368.269,0.0150955,0.0784493,0.0832058,0.169656,0.609793,0.853612,-0.044013,0.0018885,0.176203,-0.00198998,-0.00298871,6,0.00157055
electric,hall,saturn,233,283.508,0.0399808,0.1178,0.00480605,0.0429075,0.328887,1.21636,-0.0266139,0.000484204,0.0876327,-0.00348722,-0.00530336,6,0.000814047
electric,hall,sun,256,139.182,0.0453478,0.419833,0.000195949,0.0010523,0.00739111,0.0250228,0.00458442,2.05512e-05,-0.00776877,0.000723912,0.000841069,6,0.000870515
electric,hall,venus,2,371.709,0.0137296,0.10714,0.0229318,0.0324412,0.0419506,0.0443279,-0.0268456,0.000364291,0.0724531,-0.00100065,-0.00150652,0,
nuclear thermal,nuclear_thermal,earth,256,1.5397,0.093926,0.96771,8.97569e-06,0.000395489,0.121378,1.4039,5.74524e-05,0.000232704,-0.00175919,-0.000250944,-0.00160163,6,0.0689794
nuclear thermal,nuclear_thermal,jupiter,256,0.195752,0.093926,0.999476,1.27674e-07,3.02815e-05,0.00479193,0.0451616,7.44854e-05,0.000624469,-0.00781393,3.0281e-05,2.25449e-05,6,0.00655188
nuclear thermal,nuclear_thermal,mars,256,1.38955,0.093926,0.955303,9.03009e-06,0.00073787,0.628055,4.11948,5.22986e-05,0.000296206,0.00244469,-0.00242546,-0.00597816,6,0.0260029
nuclear thermal,nuclear_thermal,saturn,256,0.132405,0.093926,0.999697,8.3869e-08,1.76764e-05,0.00253505,0.0147104,5.34055e-05,0.000571825,-0.00775301,1.66969e-05,9.03306e-06,6,0.0136021
nuclear thermal,nuclear_thermal,sun,256,0.0560287,0.093926,0.999974,8.06309e-09,1.74439e-06,0.000294588,0.023506,2.27126e-06,0.000723724,-0.00783145,1.74439e-06,1.30884e-06,6,7.80527e-05
nuclear thermal,nuclear_thermal,venus,256,1.53762,0.093926,0.959228,1.0917e-05,0.000452989,0.134867,1.35316,6.64363e-05,0.000236211,-0.00172486,-0.00040182,-0.0019913,6,0.0679721
