dv_kms,tw,Pi,loss_kms,robbins_kms,lead_theory_kms,overestimate_pct,overestimate_vs_leading_pct
3.5,0.1,2.4696992779361406,0.3875171109858822,0.8894979513347514,0.506035274254184,129.53772262385522,75.7778551397886
3.5,0.15,1.6464661852907605,0.1961906450187817,0.3953324228154451,0.2249045663351929,101.50421686905568,75.77785513978857
3.5,0.2,1.2348496389680703,0.11657876888930235,0.22237448783368785,0.126508818563546,90.7504170376375,75.7778551397886
3.5,0.3,0.8232330926453802,0.05411860210354616,0.09883310570386128,0.056226141583798225,82.62316812020013,75.77785513978857
3.5,0.4,0.6174248194840352,0.030942001687276604,0.05559362195842196,0.0316272046408865,79.67041214816474,75.7778551397886
3.5,0.5,0.4939398555872281,0.01995708471598496,0.035579918053390044,0.020241410970167354,78.28214170425265,75.7778551397886
3.5,1.0,0.24696992779361404,0.005042264323679417,0.008894979513347511,0.0050603527425418385,76.40843363912961,75.7778551397886
3.5,2.0,0.12348496389680702,0.0012639525420334913,0.0022237448783368778,0.0012650881856354596,75.9357890731593,75.7778551397886
4.0,0.1,2.638554704543918,0.5108859996816875,1.1603284881451406,0.7132768398803626,127.12082321067605,62.67575550886549
4.0,0.15,1.7590364696959453,0.26596679212603597,0.515701550286729,0.3170119288357166,93.89696967971445,62.67575550886549
4.0,0.2,1.319277352271959,0.16029125520256915,0.29008212203628514,0.17831920997009065,80.97189498559473,62.67575550886549
4.0,0.3,0.8795182348479726,0.07535290996178018,0.12892538757168226,0.07925298220892915,71.09543299266693,62.67575550886549
4.0,0.4,0.6596386761359795,0.04330184889345099,0.07252053050907128,0.04457980249252266,67.47675298464993,62.67575550886549
4.0,0.5,0.5277109409087836,0.02799872851520836,0.04641313952580561,0.028531073595214496,65.76874017902244,62.67575550886547
4.0,1.0,0.2638554704543918,0.007098716936941449,0.011603284881451403,0.007132768398803624,63.45608628325997,62.67575550886547
4.0,2.0,0.1319277352271959,0.0017810512344171644,0.002900821220362851,0.001783192099700906,62.871295575734685,62.67575550886547
4.5,0.1,2.7810188251496792,0.6362067290584142,1.4501373198444192,0.949658039979146,127.9349232898907,52.70099960152639
4.5,0.15,1.8540125500997862,0.34006743898804687,0.6445054754864086,0.4220702399907315,89.52284211751964,52.70099960152641
4.5,0.2,1.3905094125748396,0.20786151048223894,0.3625343299611048,0.2374145099947865,74.41147671833265,52.70099960152639
4.5,0.3,0.9270062750498931,0.09900049946594518,0.16112636887160214,0.10551755999768288,62.75308684379658,52.70099960152641
4.5,0.4,0.6952547062874198,0.05720079356562792,0.0906335824902762,0.059353627498696625,58.44812080498497,52.70099960152639
4.5,0.5,0.5562037650299358,0.03708588579490554,0.05800549279377677,0.03798632159916584,56.40854074394238,52.70099960152642
4.5,1.0,0.2781018825149679,0.009438650632617536,0.014501373198444193,0.00949658039979146,53.63820277796063,52.70099960152642
4.5,2.0,0.13905094125748396,0.0023704974606968193,0.0036253432996110483,0.002374145099947865,52.93597060194114,52.70099960152642
5.0,0.1,2.9012164762865726,0.7596434430802099,1.7535535504743078,1.2099577639489283,130.8390293430272,44.926839822181165
5.0,0.15,1.934144317524382,0.4160309985282912,0.7793571335441369,0.5377590061995238,87.33150565729748,44.92683982218114
5.0,0.2,1.4506082381432863,0.2577790455475422,0.43838838761857696,0.30248944098723207,70.06362432889253,44.926839822181165
5.0,0.3,0.967072158762191,0.12439384136331225,0.19483928338603423,0.13443975154988094,56.63097244257835,44.92683982218114
5.0,0.4,0.7253041190716432,0.07227664850508707,0.10959709690464424,0.07562236024680802,51.635554735123684,44.926839822181165
5.0,0.5,0.5802432952573146,0.046993127098429406,0.07014214201897233,0.04839831055795713,49.26042668336623,44.92683982218116
5.0,1.0,0.2901216476286573,0.012008633498989119,0.017535535504743082,0.012099577639489283,46.02440407744324,44.92683982218116
5.0,2.0,0.14506082381432864,0.0030191589211346747,0.0043838838761857705,0.0030248944098723207,45.202156981461506,44.92683982218116
