Pi,v_over_vesc,dv_over_vp,dv_over_c,rho,eta_nm,r_min_nm,x_nm,eta_slsqp,x_slsqp,diff
3.0,0.03,0.03,1.0,1.0,0.9553749817539374,1.0047002818052313,"[0.007125378416027392, -0.020512640802866185, -0.11308383008275796]",0.9553749817539263,"[0.007125144966085854, -0.020512449675578914, -0.11308389943650347]",1.1102230246251565e-14
3.0,0.03,0.3,1.0,1.0,0.9278556989890057,1.0247044593337704,"[0.040524056898927976, -0.12412879726075049, -0.06549176244622659]",0.9278556989889762,"[0.040523807662929026, -0.12412881842242361, -0.06549129561136188]",2.942091015256665e-14
3.0,0.3,0.03,1.0,1.0,0.9140896713952572,1.0042388437536294,"[0.006499851325359664, -0.01876378017343393, -0.1155346905021491]",0.9140896713950307,"[0.006499294060048566, -0.018764350829193633, -0.11553494189581706]",2.2648549702353193e-13
3.0,0.3,0.3,1.0,1.0,0.89039455365439,1.0225693735559827,"[0.03688960421521975, -0.11317269947614561, -0.0684711935626901]",0.890394553654213,"[0.03688895189078238, -0.11317261557547904, -0.06847110199029342]",1.7696955012524995e-13
3.0,3.0,0.03,1.0,1.0,0.8095917756891399,1.0003701963613165,"[0.0005837795752685249, -0.0016517626818778, -0.14120678831562616]",0.8095917756867391,"[0.0005832433220627015, -0.0016514954192664191, -0.14120707277238123]",2.4007462684494385e-12
3.0,3.0,0.3,1.0,1.0,0.7751542062805716,1.0021563929100892,"[0.0034231572002937014, -0.010310433574760303, -0.09868701248860065]",0.7751542062781112,"[0.0034226307551027597, -0.010310666520189327, -0.09868613648511423]",2.460476267174272e-12
30.0,0.03,0.03,1.0,1.0,0.6761882813965352,1.0577585925102782,"[0.014298041029280489, -0.04206587724627585, -0.24585282251348767]",0.6761882813963946,"[0.01429783004539072, -0.04206623481122049, -0.24585326434446647]",1.4055423491754482e-13
30.0,0.03,0.3,1.0,1.0,0.6039229061405839,1.1803122694037045,"[0.03241335797079231, -0.12333391782936452, 0.046964309560767886]",0.6039229061404985,"[0.03241292689360435, -0.12333438575164839, 0.04696381165739786]",8.537615059367454e-14
30.0,0.3,0.03,1.0,1.0,0.45752290922873645,1.0431161159963058,"[0.015486048460939376, -0.045026361066805465, -0.2631551137814131]",0.45752290922848304,"[0.015485650237761935, -0.04502656285950302, -0.26315559874588174]",2.53408405370692e-13
30.0,0.3,0.3,1.0,1.0,0.43642940252372225,1.1366104638021814,"[0.03266334054568511, -0.12363148416923496, 0.02522202605663925]",0.4364294025235959,"[0.03266304023289498, -0.12363178109880622, 0.025221908385279084]",1.2634338020234281e-13
30.0,3.0,0.03,1.0,1.0,0.25772473685537256,1.0014135191948246,"[0.0013730675783611393, -0.0035723453003813905, -0.3369942514990241]",0.2577247368528454,"[0.0013724742516251956, -0.0035719550796867302, -0.3369949137759289]",2.5271451598030126e-12
30.0,3.0,0.3,1.0,1.0,0.21712165218238413,0.9999995179464358,"[0.0041748812659635655, -0.013087037400275323, -0.20183203365801528]",0.2171216475312295,"[0.004174498143853676, -0.013087276147769118, -0.20183193822303136]",4.651154628110277e-09
